0.00116199278996, 0.398248799588, 0.348236495297
0.000584540410981, 0.398241837148, 0.34804071959
0.000681846935748, 0.398410583862, 0.352848725423
0.000681846935748, 0.398410583862, 0.352848725423
0.000681846935748, 0.398410583862, 0.352848725423
0.000681846935748, 0.398473056231, 0.354657880198
0.000953639400276, 0.398473056231, 0.354657880198
0.000966464873611, 0.398397898498, 0.352488218161
0.000584540410981, 0.398248793275, 0.348236298256
0.000584540410981, 0.398248793275, 0.348236298256
0.000773006176329, 0.398456115007, 0.354170426475
0.000619651010001, 0.398499576205, 0.355415693705
0.000619651010001, 0.398499576205, 0.355415693705
0.000619651010001, 0.398499576205, 0.355415693705
0.000619651010001, 0.398499576205, 0.355415693705
0.000727503663824, 0.398408116084, 0.352778815615
0.00030934229672, 0.398408116084, 0.352778815615
0.000584540410981, 0.398246487167, 0.34817149856
0.00113236802368, 0.398400444136, 0.35256059079
0.000966464873611, 0.398400444136, 0.35256059079
0.000374697510758, 0.398475675867, 0.354732635513
0.000374697510758, 0.398473056231, 0.354657880198
0.000374697510758, 0.398475675867, 0.354732635513
0.00102797710031, 0.398461343786, 0.354319592485
0.00102797710031, 0.398461343786, 0.354319592485
0.00126323846046, 0.398248799588, 0.348236495297
0.00172960149486, 0.398218321832, 0.347378536224
0.00166637516422, 0.398420995736, 0.353145467319
0.00166637516422, 0.398405722153, 0.352711240137
0.000902239895524, 0.398413206865, 0.352923543493
0.00147267988744, 0.398413206865, 0.352923543493
0.000576852359439, 0.398413206865, 0.352923543493
0.000444148865148, 0.398397898498, 0.352488218161
0.00172960149486, 0.398218321832, 0.347378536224
0.00190690552357, 0.398383443299, 0.352098914273
0.000773006176329, 0.398397898498, 0.352488218161
0.00165963702688, 0.398453511281, 0.354096181089
0.00166637516422, 0.398413327797, 0.352927370907
0.00166637516422, 0.398413327797, 0.352927370907
0.000275963087515, 0.398475675867, 0.354732635513
0.00190690552357, 0.398478302616, 0.354807616088
0.000998487002957, 0.398410555804, 0.352847838777
0.000998487002957, 0.398410555804, 0.352847838777
0.00122111249437, 0.398405581061, 0.352706778757
0.000681846935748, 0.398405581061, 0.352706778757
0.00128427032792, 0.398453511281, 0.354096181089
0.000584540410981, 0.398244149552, 0.348105715737
0.000584540410981, 0.398251118323, 0.348301689077
0.000584540410981, 0.398251118323, 0.348301689077
0.000584540410981, 0.398251115162, 0.348301590407
0.000543841458888, 0.398408250493, 0.352783066965
0.000727503663824, 0.398397898498, 0.352488218161
0.0285230824554, 0.398434798567, 0.353561018635
0.000773006176329, 0.398434798567, 0.353561018635
0.00165963702688, 0.398434798567, 0.353561018635
0.00166637516422, 0.398402968743, 0.352632298861
0.177144438097, 0.398165592694, 0.345622936485
0.168771733227, 0.398165592694, 0.345622936485
0.076760299867, 0.398165592694, 0.345622936485
0.00435971112999, 0.398165592694, 0.345622936485
0.239203835301, 0.398165592694, 0.345622936485
0.218495186812, 0.398165592694, 0.345622936485
0.211029837786, 0.398165592694, 0.345622936485
0.1763927302, 0.398165592694, 0.345622936485
0.199051851442, 0.398165592694, 0.345622936485
0.117597517693, 0.398165592694, 0.345622936485
0.231932885206, 0.398165592694, 0.345622936485
0.16032388183, 0.398165592694, 0.345622936485
0.0440175562502, 0.398165592694, 0.345622936485
0.00462985605091, 0.398165592694, 0.345622936485
0.00734358995334, 0.398165592694, 0.345622936485
0.000910021480105, 0.398165592694, 0.345622936485
0.175068063636, 0.398165592694, 0.345622936485
0.190496065852, 0.3979673877, 0.340091503529
0.221897846612, 0.3979673877, 0.340091503529
0.275012254745, 0.3979673877, 0.340091503529
0.207854581216, 0.397936359284, 0.339243480911
0.251649298347, 0.3979673877, 0.340091503529
0.238737483489, 0.397936359284, 0.339243480911
0.000502374560363, 0.397802006229, 0.335527476933
0.00264516152399, 0.397914977157, 0.338658945945
0.184816403474, 0.405352149746, 0.916310793832
0.386365534886, 0.405364096506, 0.917230488718
0.400000973015, 0.405364096506, 0.917230488718
0.685877592036, 0.406397724916, 0.997892960502
0.723433117381, 0.406397724916, 0.997892960502
0.560732640273, 0.406370886911, 0.995798657641
0.421181635763, 0.406370886911, 0.995798657641
0.628968938198, 0.40634419466, 0.993716976279
0.693740171566, 0.40634419466, 0.993716976279
0.573664979871, 0.406317646977, 0.991647802663
0.274957551273, 0.406370886911, 0.995798657641
0.175400354818, 0.406370886911, 0.995798657641
0.455345586799, 0.406317646977, 0.991647802663
0.695597251803, 0.406424709869, 1.0
0.363452993661, 0.406424709869, 1.0
0.570503881423, 0.406424709869, 1.0
0.348942886573, 0.406424709869, 1.0
0.223224291406, 0.40634419466, 0.993716976279
0.244636226921, 0.40634419466, 0.993716976279
0.0998333717598, 0.405340072694, 0.915379963372
0.138796788479, 0.405340072694, 0.915379963372
0.312990010888, 0.405461919591, 0.924780587742
0.151193097526, 0.405461919591, 0.924780587742
0.255575405493, 0.405461919591, 0.924780587742
0.336186394275, 0.405474015184, 0.925713024418
0.269535983671, 0.405600119466, 0.935479656023
0.176020897532, 0.405600119466, 0.935479656023
0.0973234184613, 0.405600119466, 0.935479656023
0.212630611744, 0.405600119466, 0.935479656023
0.290945157872, 0.405674625468, 0.941240176999
0.270340015562, 0.405674625468, 0.941240176999
0.044316661643, 0.405674625468, 0.941240176999
0.445202153183, 0.405674625468, 0.941240176999
0.244402663777, 0.405674625468, 0.941240176999
0.047395193117, 0.405674625468, 0.941240176999
0.0722219913506, 0.405674625468, 0.941240176999
0.0194024487042, 0.405575553519, 0.933582591735
0.0286750689297, 0.405587819816, 0.934529694776
0.130436229616, 0.405292351154, 0.911706785122
0.047609242916, 0.405292351154, 0.911706785122
0.3286759391, 0.405316147044, 0.913537831713
0.0324172713411, 0.405316147044, 0.913537831713
0.0324172713411, 0.405316147044, 0.913537831713
0.0380510237162, 0.405316147044, 0.913537831713
0.0432100107323, 0.405304232945, 0.912620929047
0.0412486859794, 0.405340072694, 0.915379963372
0.0503669725196, 0.405340072694, 0.915379963372
0.0344589083639, 0.405794016859, 0.950539795554
0.00733678046142, 0.405794016859, 0.950539795554
0.0640251119459, 0.405781487974, 0.949570066075
0.0602657524807, 0.405846471628, 0.954620915703
0.0408002526215, 0.405846471628, 0.954620915703
0.0638313748865, 0.405846471628, 0.954620915703
0.0185404665058, 0.405846471628, 0.954620915703
0.181215299024, 0.405781487974, 0.949570066075
0.0206989894801, 0.405781487974, 0.949570066075
0.0828151221909, 0.405781487974, 0.949570066075
0.123436004042, 0.405781487974, 0.949570066075
0.0828151221909, 0.405781487974, 0.949570066075
0.0340557880829, 0.405794016859, 0.950539795554
0.127217677521, 0.405781487974, 0.949570066075
0.065990908581, 0.405781487974, 0.949570066075
0.362812509988, 0.40581917683, 0.952488033979
0.177543647115, 0.40581917683, 0.952488033979
0.153058477597, 0.40581917683, 0.952488033979
0.0619785458934, 0.405794016859, 0.950539795554
0.0580835437836, 0.405781487974, 0.949570066075
0.378122465891, 0.405808517726, 0.951680083812
0.129493583593, 0.405781487974, 0.949570066075
0.0794161849723, 0.405859192105, 0.95560714557
0.042074091453, 0.405794016859, 0.950539795554
0.0693144988255, 0.405833785833, 0.953637671131
0.0207762571375, 0.405781487974, 0.949570066075
0.284533341867, 0.40582113458, 0.952657398318
0.107595068925, 0.40582113458, 0.952657398318
0.102713284125, 0.405781487974, 0.949570066075
0.277276551718, 0.405806579764, 0.951512447113
0.25471034697, 0.133154932054, 0.113241048434
0.295124895217, 0.0555590676618, 0.0479969652593
0.199257156208, 0.0536830460676, 0.0464258185337
0.0925530662449, 0.0536830460676, 0.0464258185337
0.191232490276, 0.0282511672601, 0.0249260923315
0.162686100521, 0.0550961144135, 0.047609803501
0.274614127523, 0.0560270836915, 0.04838882894
0.413820772945, 0.0550961144135, 0.047609803501
0.0590437870999, 0.0277518158792, 0.0245048056454
0.110276792833, 0.0277518158792, 0.0245048056454
0.204989823317, 0.0569542420761, 0.0491643137005
0.0184349201109, 0.0569554957528, 0.0491654767958
0.0808113487775, 0.0569554957528, 0.0491654767958
0.159091213769, 0.0560258214413, 0.0483876570109
0.272939903527, 0.0560258214413, 0.0483876570109
0.0480711499833, 0.0267490397523, 0.0236584181449
0.124668192693, 0.0282511672601, 0.0249260923315
0.12079183318, 0.0282511672601, 0.0249260923315
0.107451949006, 0.135675188735, 0.115278371907
0.109873742272, 0.135675188735, 0.115278371907
0.121489628351, 0.0536830460676, 0.0464258185337
0.04960358824, 0.0536830460676, 0.0464258185337
0.222898894268, 0.132799767374, 0.112954371091
0.257252334041, 0.0494121013639, 0.0428442431831
0.0362307985865, 0.0494121013639, 0.0428442431831
0.0882239071027, 0.0282511672601, 0.0249260923315
0.0886274744698, 0.0272511085535, 0.0240822494987
0.0630942237233, 0.0272511085535, 0.0240822494987
0.0841043992321, 0.0262456039153, 0.0232333058029
0.344920683758, 0.132439730326, 0.112663324503
0.0605842310533, 0.123782302155, 0.105629595929
0.134099935049, 0.0247270381274, 0.0219502245071
0.0884873288092, 0.0247270381274, 0.0219502245071
0.38464788771, 0.052744346281, 0.0456395994376
0.171814804417, 0.0574153044917, 0.0495497201817
0.000682672899186, 0.021361324135, 0.0182655161159
0.00187319362306, 0.0265189819171, 0.0226452310054
0.00717450353004, 0.00970412582878, 0.00828305186474
0.00274244354976, 0.0, 1.03598801636e-15
0.00571545909982, 0.0260193666514, 0.0222224757939
0.00678389303969, 0.0290473808871, 0.0247875295891
0.00455120626754, 0.0290473808871, 0.0247875295891
0.00249944477128, 0.0290487468449, 0.0247888131716
0.00290879867897, 0.0290487468449, 0.0247888131716
0.000424423362221, 0.0290487468449, 0.0247888131716
0.000644017013698, 0.0290487468449, 0.0247888131716
0.012159105554, 0.0203197779901, 0.0173800986768
0.00844919462865, 0.0203197779901, 0.0173800986768
0.00531864197149, 0.0203197779901, 0.0173800986768
0.00352387887083, 0.0107531231707, 0.00917570016098
0.0050686336796, 0.0280426468542, 0.0239368433844
0.000949400366116, 0.026016600765, 0.0222198731365
0.000549587176505, 0.0310472461181, 0.0264798739936
0.00163898691601, 0.00970412582878, 0.00828305186474
0.00282678632211, 0.0, 1.03598801636e-15
0.00395591756098, 0.0, 1.03598801636e-15
0.00583687315399, 0.0, 1.03598801636e-15
0.00109953113394, 0.0, 7.29028604104e-16
0.00338285209578, 0.0, 7.29028604104e-16
0.00592142083435, 0.0, 7.29028604104e-16
0.00557842356812, 0.0203197779901, 0.0173800986768
0.00582044597321, 0.0203197779901, 0.0173800986768
0.0104824953168, 0.0203197779901, 0.0173800986768
0.0187197028664, 0.0203197779901, 0.0173800986768
0.0115128544315, 0.0229199298951, 0.0195901200922
0.00675232624065, 0.0229199298951, 0.0195901200922
0.00318604665014, 0.0229199298951, 0.0195901200922
0.00239730904432, 0.0229199298951, 0.0195901200922
0.00352380470752, 0.0228703043723, 0.0195432923281
0.00370329786341, 0.0228703043723, 0.0195432923281
0.00056204661459, 0.027526498857, 0.0234985376546
0.000739551459775, 0.0102293366148, 0.00873004846574
0.0105459811684, 0.0102293366148, 0.00873004846574
0.0271399295545, 0.00758892356875, 0.00648149390257
0.00629846253008, 0.00758892356875, 0.00648149390257
0.000799428027873, 0.0320383666672, 0.0273177724089
0.000700467795076, 0.0229085187509, 0.0195793453574
0.000401856295256, 0.0229085187509, 0.0195793453574
0.00080526496106, 0.0239554990635, 0.020469865288
0.00417423962939, 0.0270282720466, 0.0230770895135
0.000409346343884, 0.0270282720466, 0.0230770895135
0.000884452315014, 0.0270282720466, 0.0230770895135
0.00132892362853, 0.0270282720466, 0.0230770895135
0.00259298232837, 0.028548432558, 0.0243653994076
0.00246972559633, 0.0239653446687, 0.0204791473012
0.00940467426597, 0.0239653446687, 0.0204791473012
0.00445251415552, 0.0239653446687, 0.0204791473012
0.00845858898438, 0.0239653446687, 0.0204791473012
0.00152386813662, 0.0239653446687, 0.0204791473012
0.000904913753253, 0.0239653446687, 0.0204791473012
0.000403748762927, 0.0274966932889, 0.0234704832724
0.00453560894459, 0.0300507209534, 0.0256369029824
0.00270702412323, 0.0300507209534, 0.0256369029824
0.00124700163832, 0.017654223195, 0.0151081891154
0.0088721791025, 0.017654223195, 0.0151081891154
0.00372506809936, 0.017654223195, 0.0151081891154
0.00108587766161, 0.017654223195, 0.0151081891154
0.00180705323558, 0.017654223195, 0.0151081891154
0.000964135643091, 0.017654223195, 0.0151081891154
0.0111066972167, 0.017654223195, 0.0151081891154
0.00541846921682, 0.017654223195, 0.0151081891154
0.00203564562706, 0.017654223195, 0.0151081891154
0.00069002275329, 0.017654223195, 0.0151081891154
0.0013924408111, 0.0213762677168, 0.0182796230168
0.000815178481308, 0.0213762677168, 0.0182796230168
0.000854611100214, 0.0213762677168, 0.0182796230168
0.00398452138369, 0.0270200025914, 0.0230693109968
0.736110947936, 0.726352796922, 0.187379048202
0.642224281031, 0.726352796922, 0.187379048202
0.61966722113, 0.726352796922, 0.187379048202
0.51255610929, 0.726352796922, 0.187379048202
0.451478362519, 0.726352796922, 0.187379048202
0.636734144992, 0.727712777635, 0.186840255728
0.00166637516422, 0.398402968743, 0.352632298861
0.360038294301, 0.727712777635, 0.186840255728
0.465585238146, 0.727712777635, 0.186840255728
0.564103699049, 0.727712777635, 0.186840255728
0.493941724138, 0.727712777635, 0.186840255728
1.0, 0.727712777635, 0.186840255728
0.494737448145, 0.727712777635, 0.186840255728
0.712680316473, 0.724556769801, 0.188089838748
0.441179703342, 0.724556769801, 0.188089838748
0.458748299408, 0.724556769801, 0.188089838748
0.573121411675, 0.723666071672, 0.18844202129
0.451478362519, 0.723666071672, 0.18844202129
0.529938824456, 0.723222534108, 0.188617317836
0.426417036864, 0.723222534108, 0.188617317836
0.426417036864, 0.723666071672, 0.18844202129
0.0620951620279, 0.397795108637, 0.335341827337
0.00559989294259, 0.074760881249, 0.0647594904783
0.00367716079113, 0.0756346549637, 0.0654833118057
0.022242666521, 0.0769411521141, 0.0665652153958
0.00282242933469, 0.0697392127423, 0.0605791827478
0.00811275118357, 0.0738751483524, 0.0640246657907
0.00105133523333, 0.0684693823219, 0.0595312903778
0.000563111682811, 0.0684693823219, 0.0595312903778
0.000813334626316, 0.0769411521141, 0.0665652153958
0.00166637516422, 0.398397926367, 0.352489098148
0.00489049141178, 0.0725482470438, 0.0629239812845
0.00402810602641, 0.0729989775677, 0.0632986384434
0.00225976055308, 0.0734364624617, 0.0636610993539
0.00176514126707, 0.0734364624617, 0.0636610993539
0.00133890179397, 0.0734364624617, 0.0636610993539
0.000744612699573, 0.0769411521141, 0.0665652153958
0.057322763253, 0.0729989775677, 0.0632986384434
0.0225440169505, 0.0729989775677, 0.0632986384434
0.00133776195278, 0.0698020381148, 0.0606373084314
0.00233668990775, 0.0769411521141, 0.0665652153958
0.00958258953413, 0.0769411521141, 0.0665652153958
0.0248492712937, 0.0751983628865, 0.0651219480628
0.00872003819276, 0.0751983628865, 0.0651219480628
0.031875382441, 0.0769411521141, 0.0665652153958
0.000825840038968, 0.0769411521141, 0.0665652153958
0.0224738807933, 0.0743186234808, 0.0643926392583
0.00798221855146, 0.0769411521141, 0.0665652153958
0.00189769063425, 0.076072126913, 0.0658457595046
0.00284847110425, 0.076072126913, 0.0658457595046
8.45050801038e-05, 0.0751983628865, 0.0651219480628
0.0113318826614, 0.0738811401973, 0.0640301799907
0.00189764703765, 0.0747579024754, 0.0647567508987
0.00603332618305, 0.0747579024754, 0.0647567508987
0.000356810043414, 0.398408250493, 0.352783066965
0.000773006176329, 0.398434798567, 0.353561018635
0.0018761140515, 0.398434798567, 0.353561018635
0.00398834340569, 0.0738751483524, 0.0640246657907
0.000439230847345, 0.0698020381148, 0.0606373084314
0.00709079933581, 0.076072126913, 0.0658457595046
0.00112539198511, 0.0698020381148, 0.0606373084314
0.0197554279157, 0.0743198211673, 0.0643937413979
0.00929634819213, 0.0743198211673, 0.0643937413979
0.000890088267633, 0.076507229454, 0.0662060294332
0.000764448788133, 0.0662239664606, 0.0576655058898
0.00102731544625, 0.0662239664606, 0.0576655058898
0.001730451061, 0.0662239664606, 0.0576655058898
0.000650070570306, 0.0662239664606, 0.0576655058898
0.00179623460573, 0.0662239664606, 0.0576655058898
0.00693710660436, 0.076507229454, 0.0662060294332
0.00409533599443, 0.0756364312211, 0.0654849443194
0.0013895910972, 0.0769411521141, 0.0665652153958
0.00792758840749, 0.0638836511792, 0.0557118535409
0.0109369904797, 0.0638836511792, 0.0557118535409
0.0230537304343, 0.0638836511792, 0.0557118535409
0.0134085666286, 0.0638836511792, 0.0557118535409
0.0164897563108, 0.0638836511792, 0.0557118535409
0.0236019420277, 0.0638836511792, 0.0557118535409
0.00755911528627, 0.0638836511792, 0.0557118535409
0.0082447891157, 0.0738811401973, 0.0640301799907
0.012092642873, 0.0769411521141, 0.0665652153958
0.000114831333232, 0.398473056231, 0.354657880198
0.0016981032767, 0.0738751483524, 0.0640246657907
0.000397462729888, 0.0751983628865, 0.0651219480628
0.000546611786181, 0.0751983628865, 0.0651219480628
0.00731385549649, 0.0743210156038, 0.0643948402187
0.000356810043414, 0.398478302616, 0.354807616088
0.000998487002957, 0.398410555804, 0.352847838777
0.000998487002957, 0.398410555804, 0.352847838777
0.000998487002957, 0.398410555804, 0.352847838777
0.000576852359439, 0.398473056231, 0.354657880198
0.00030934229672, 0.398453511281, 0.354096181089
0.0437217190685, 0.0692961135631, 0.060211531868
0.00102731544625, 0.0751995492101, 0.065123038601
0.00128427032792, 0.398453511281, 0.354096181089
0.000584540410981, 0.398244149552, 0.348105715737
0.000584540410981, 0.398251118323, 0.348301689077
0.00172960149486, 0.398244149552, 0.348105715737
0.00112539198511, 0.0734364624617, 0.0636610993539
0.00154175827504, 0.0734364624617, 0.0636610993539
0.000603182309777, 0.0734364624617, 0.0636610993539
0.0145800179321, 0.076507229454, 0.0662060294332
0.00611636362027, 0.397880781049, 0.337662449771
0.280560814358, 0.397878954485, 0.337612962002
0.214370884415, 0.397866238448, 0.337268651095
0.0976816480735, 0.397873419462, 0.337468837338
0.218090122844, 0.397864441576, 0.337220055794
0.259921395784, 0.397866238448, 0.337268651095
0.0394040324511, 0.397873524527, 0.337465994416
0.0448712393622, 0.397914602629, 0.338587911439
0.199623028246, 0.397914602629, 0.338587911439
0.149282102999, 0.397873419462, 0.337468837338
0.00143994097998, 0.39786796023, 0.337320963897
0.0302380197671, 0.397899911101, 0.33818956169
0.0371423083736, 0.397916675697, 0.338644867628
0.000356810043414, 0.398410583862, 0.352848725423
0.230918505098, 0.397916675697, 0.338644867628
0.0785854707052, 0.398248799588, 0.348236495297
0.329491436754, 0.397916675697, 0.338644867628
0.0274332151615, 0.397916675697, 0.338644867628
0.335868237636, 0.397916675697, 0.338644867628
0.0295972577405, 0.397912737653, 0.338537255262
0.021086675615, 0.397892188876, 0.337978998914
0.108381936192, 0.397905118464, 0.338329813004
0.47901602283, 0.397909022852, 0.338436399458
0.492750276927, 0.397910877734, 0.338486751497
0.0, 1.0, 0.0452835131303
0.0, 1.0, 0.0452835131303
0.0, 1.0, 0.0452835131303
0.0, 0.878317286764, 0.10736702745
0.0, 0.878317286764, 0.10736702745
2.58330899492e-05, 0.681654301312, 0.205215275967
2.58330899492e-05, 0.681654301312, 0.205215275967
2.58330899492e-05, 0.681654301312, 0.205215275967
2.58330899492e-05, 0.681654301312, 0.205215275967
2.58330899492e-05, 0.681654301312, 0.205215275967
1.09074617147e-13, 0.850075809285, 0.120261093589
1.14826075039e-06, 0.864853854521, 0.113550349637
1.14826075039e-06, 0.864853854521, 0.113550349637
1.14826075039e-06, 0.864853854521, 0.113550349637
0.0, 0.850075809285, 0.120261093589
1.14820908218e-05, 0.708869287133, 0.194297081008
0.0, 0.865527945826, 0.113242631186
0.00071188781925, 0.021361324135, 0.0182655161159
0.00124700163832, 0.0310472461181, 0.0264798739936
0.00444344077607, 0.0203197779901, 0.0173800986768
0.0122703331553, 0.0203197779901, 0.0173800986768
0.00241226548984, 0.0280426468542, 0.0239368433844
0.00126846621107, 0.0265189819171, 0.0226452310054
0.00124700163832, 0.026016600765, 0.0222198731365
0.00477524615281, 0.00970412582878, 0.00828305186474
0.0033054930622, 0.00970412582878, 0.00828305186474
0.00557842356812, 0.0, 4.2206919185e-16
0.00238237156964, 0.0, 4.2206919185e-16
0.00484137475644, 0.0, 4.2206919185e-16
0.000573368329169, 0.0, 4.2206919185e-16
0.00280604307685, 0.0, 0.0
0.00669291654631, 0.0203197779901, 0.0173800986768
0.00124700163832, 0.0203197779901, 0.0173800986768
0.00458305446762, 0.0229199298951, 0.0195901200922
0.00227323531217, 0.0229199298951, 0.0195901200922
0.00741999710238, 0.0229199298951, 0.0195901200922
0.00335775826847, 0.0229199298951, 0.0195901200922
0.000497447945748, 0.398456115007, 0.354170426475
0.0303132010411, 0.00758892356875, 0.00648149390257
0.0213396977881, 0.00758892356875, 0.00648149390257
0.000773006176329, 0.398456115007, 0.354170426475
0.0, 0.865527945826, 0.113242631186
0.000804193128566, 0.0229085187509, 0.0195793453574
0.00600975208355, 0.0280426468542, 0.0239368433844
0.00252547519011, 0.0280426468542, 0.0239368433844
0.0014222604356, 0.0239554990635, 0.020469865288
0.000682672899186, 0.0229396381243, 0.0196087021279
0.00136876232851, 0.0229396381243, 0.0196087021279
0.000232725112195, 0.0229396381243, 0.0196087021279
0.0026577784779, 0.0305503365316, 0.0260596585563
0.00239730904432, 0.028548432558, 0.0243653994076
0.00557842356812, 0.028548432558, 0.0243653994076
0.000543841458888, 0.398456115007, 0.354170426475
0.00630043331321, 0.017654223195, 0.0151081891154
0.00394331885028, 0.017654223195, 0.0151081891154
0.00117537091667, 0.017654223195, 0.0151081891154
0.000619651010001, 0.398499576205, 0.355415693705
0.00487497862906, 0.0260193666514, 0.0222224757939
0.0111239165101, 0.0260193666514, 0.0222224757939
0.00124700163832, 0.0260193666514, 0.0222224757939
0.00152607930224, 0.0213762677168, 0.0182796230168
0.00093954717293, 0.0213762677168, 0.0182796230168
0.000682672899186, 0.0310472461181, 0.0264798739936
0.00903531453918, 0.0267490397523, 0.0236584181449
0.0967599526804, 0.0282511672601, 0.0249260923315
0.0318218170449, 0.0282511672601, 0.0249260923315
0.0395295955419, 0.0272511085535, 0.0240822494987
0.0533518965078, 0.0262456039153, 0.0232333058029
0.0761243438809, 0.0277518158792, 0.0245048056454
0.0287508248144, 0.133156880737, 0.113242795869
0.105020916287, 0.0277518158792, 0.0245048056454
0.196930863266, 0.0282511672601, 0.0249260923315
0.0270199550805, 0.0277518158792, 0.0245048056454
0.366693530597, 0.0541331424021, 0.0468010189377
0.000497447945748, 0.398408116084, 0.352778815615
0.16772198195, 0.0578776137662, 0.0499362827381
0.385961198091, 0.0569542420761, 0.0491643137005
0.230749357563, 0.0522322376652, 0.0452066750268
0.213419183243, 0.397905118464, 0.338329813004
0.0148984999653, 0.397892232979, 0.337980340533
0.172206829463, 0.397892232979, 0.337980340533
0.143950722181, 0.397905118464, 0.338329813004
0.411470712708, 0.397905118464, 0.338329813004
0.423908457396, 0.397909022852, 0.338436399458
0.226197665496, 0.397912737653, 0.338537255262
0.0916193751704, 0.397905118464, 0.338329813004
0.404707198408, 0.397905118464, 0.338329813004
0.00314778501956, 0.39786255528, 0.337174721894
0.245379066754, 0.397871658461, 0.33741531958
0.168665771567, 0.397909022852, 0.338436399458
0.00716472195623, 0.0743186234808, 0.0643926392583
0.000498865632433, 0.0684693823219, 0.0595312903778
0.00889988603957, 0.0725482470438, 0.0629239812845
0.00869240896628, 0.0725482470438, 0.0629239812845
0.00792758840749, 0.0725482470438, 0.0629239812845
0.00357668079138, 0.0725482470438, 0.0629239812845
0.00840597564205, 0.076507229454, 0.0662060294332
0.0102928846874, 0.0734364624617, 0.0636610993539
0.00309838349565, 0.0734364624617, 0.0636610993539
0.00133776195278, 0.0738751483524, 0.0640246657907
0.0164897563108, 0.0729989775677, 0.0632986384434
0.0104747648088, 0.0751983628865, 0.0651219480628
0.0059662405825, 0.0743186234808, 0.0643926392583
0.00122884557603, 0.076072126913, 0.0658457595046
0.0014522240255, 0.076072126913, 0.0658457595046
0.00309838349565, 0.076507229454, 0.0662060294332
0.00616877315672, 0.076072126913, 0.0658457595046
0.000725087996716, 0.0662239664606, 0.0576655058898
0.00139429467539, 0.0662239664606, 0.0576655058898
0.00122884557603, 0.0662239664606, 0.0576655058898
0.00016439383112, 0.398420995736, 0.353145467319
0.00873352393293, 0.0747549220337, 0.0647540096109
0.0119916351868, 0.0638836511792, 0.0557118535409
0.0359029387421, 0.0638836511792, 0.0557118535409
0.00538154844939, 0.0738811401973, 0.0640301799907
0.0183954044442, 0.076507229454, 0.0662060294332
0.0047719157394, 0.0743210156038, 0.0643948402187
0.0279291707562, 0.0692961135631, 0.060211531868
0.0201470385503, 0.0747549220337, 0.0647540096109
0.225686085234, 0.397911251246, 0.338557572277
0.0366303057925, 0.398165592694, 0.345622936485
0.195245948967, 0.398165592694, 0.345622936485
0.192877279819, 0.398165592694, 0.345622936485
0.20251137549, 0.398165592694, 0.345622936485
0.20251137549, 0.398165592694, 0.345622936485
0.267643667638, 0.3979673877, 0.340091503529
0.159593320583, 0.398165592694, 0.345622936485
0.187489578796, 0.398165592694, 0.345622936485
0.00444415561282, 0.398448325011, 0.353948360477
0.000815444704524, 0.398397926367, 0.352489098148
0.000535465157881, 0.398475675867, 0.354732635513
0.000192462042493, 0.398216050662, 0.347314827653
0.000540696317561, 0.398397898498, 0.352488218161
0.0199994807321, 0.398239531014, 0.347975919001
0.00395421620169, 0.398197831959, 0.3468036233
0.776398991642, 0.406397724916, 0.997892960502
0.347894914423, 0.406370886911, 0.995798657641
0.316906038888, 0.406370886911, 0.995798657641
0.160731155389, 0.406330902821, 0.992680833059
0.0192322000153, 0.406330902821, 0.992680833059
0.5065800182, 0.406424709869, 1.0
0.569189637452, 0.406424709869, 1.0
0.146144865261, 0.405340072694, 0.915379963372
0.190003622255, 0.405461919591, 0.924780587742
0.219098764979, 0.405563320441, 0.93263833402
0.130972541982, 0.405563320441, 0.93263833402
0.0309765389893, 0.405563320441, 0.93263833402
0.0249430310942, 0.405316147044, 0.913537831713
0.0952282323638, 0.405304232945, 0.912620929047
0.0828151221909, 0.405781487974, 0.949570066075
0.065990908581, 0.405781487974, 0.949570066075
0.0828151221909, 0.405781487974, 0.949570066075
0.0278359480525, 0.405781487974, 0.949570066075
0.0884818236253, 0.405794016859, 0.950539795554
0.273290942711, 0.405794016859, 0.950539795554
0.042500402443, 0.405794016859, 0.950539795554
0.0432837902506, 0.405781487974, 0.949570066075
0.022212194826, 0.405781487974, 0.949570066075
0.0381126086093, 0.405781487974, 0.949570066075
0.0726623998278, 0.405794016859, 0.950539795554
0.0999096639068, 0.405794016859, 0.950539795554
0.181215299024, 0.405781487974, 0.949570066075
0.0408002526215, 0.405794016859, 0.950539795554
0.150063437822, 0.405859192105, 0.95560714557
0.0760308213547, 0.405859192105, 0.95560714557
0.116949958132, 0.405859192105, 0.95560714557
0.0828151221909, 0.405859192105, 0.95560714557
0.116949958132, 0.405859192105, 0.95560714557
0.181215299024, 0.405794016859, 0.950539795554
0.0432756230057, 0.405781487974, 0.949570066075
0.0638867087877, 0.40534004021, 0.915377187904
0.209870116838, 0.40534004021, 0.915377187904
0.68414354691, 0.723222534108, 0.188617317836
0.887478616157, 0.723222534108, 0.188617317836
0.564103699049, 0.727712777635, 0.186840255728
0.381223019952, 0.722780197669, 0.188792087749
0.0555986383287, 0.0574153044917, 0.0495497201817
0.127832415066, 0.0494121013639, 0.0428442431831
0.0764960712417, 0.0282511672601, 0.0249260923315
0.0540387670758, 0.0267490397523, 0.0236584181449
0.0529523834826, 0.0267490397523, 0.0236584181449
0.171046667709, 0.0564887746708, 0.0487748187477
0.0217716390474, 0.0277518158792, 0.0245048056454
0.301873391167, 0.132439730326, 0.112663324503
0.0215646139397, 0.0494121013639, 0.0428442431831
0.0816662458926, 0.0282511672601, 0.0249260923315
0.512270819859, 0.132439730326, 0.112663324503
0.233861226788, 0.0517991897574, 0.0448473704274
0.117639909403, 0.0494121013639, 0.0428442431831
0.00625956114651, 0.398165592694, 0.345622936485
0.0237344712156, 0.398165592694, 0.345622936485
0.22468966653, 0.3979673877, 0.340091503529
0.0916963673866, 0.3979673877, 0.340091503529
0.299029309042, 0.3979673877, 0.340091503529
0.216630719935, 0.398165592694, 0.345622936485
0.20251137549, 0.397936359284, 0.339243480911
0.0916193751704, 0.398165592694, 0.345622936485
0.170079291978, 0.398165592694, 0.345622936485
0.060150403521, 0.3979673877, 0.340091503529
0.108381936192, 0.398165592694, 0.345622936485
0.0916193751704, 0.398165592694, 0.345622936485
0.20251137549, 0.397936359284, 0.339243480911
0.214898949125, 0.3979673877, 0.340091503529
0.0104747648088, 0.074760881249, 0.0647594904783
0.000514490467034, 0.0684693823219, 0.0595312903778
0.0125886904617, 0.0769411521141, 0.0665652153958
0.0136177688749, 0.0738751483524, 0.0640246657907
0.00777157306323, 0.0738751483524, 0.0640246657907
0.00840597564205, 0.0738751483524, 0.0640246657907
0.00253568384651, 0.0769411521141, 0.0665652153958
0.00723907397473, 0.0738751483524, 0.0640246657907
0.0183954044442, 0.0738811401973, 0.0640301799907
0.0252820120152, 0.0738811401973, 0.0640301799907
0.0055085192899, 0.0756322806949, 0.0654811290739
0.00233668990775, 0.0638836511792, 0.0557118535409
0.0207913031076, 0.0638836511792, 0.0557118535409
0.0116988678959, 0.0638836511792, 0.0557118535409
0.019386839149, 0.0638836511792, 0.0557118535409
0.0112194795301, 0.0638836511792, 0.0557118535409
0.000309564002818, 0.0751983628865, 0.0651219480628
0.0114099499915, 0.0738751483524, 0.0640246657907
0.000825840038968, 0.0751995492101, 0.065123038601
0.000705873013041, 0.0756346549637, 0.0654833118057
0.00133776195278, 0.0734364624617, 0.0636610993539
0.0121889486333, 0.0738751483524, 0.0640246657907
0.458524892244, 0.405292351154, 0.911706785122
0.0546487247718, 0.405352149746, 0.916310793832
0.70390973074, 0.406397724916, 0.997892960502
0.363452993661, 0.406424709869, 1.0
0.255148890437, 0.40634419466, 0.993716976279
0.58850611746, 0.405376305323, 0.918172594566
0.0957681117696, 0.405461919591, 0.924780587742
0.0780504797204, 0.405292351154, 0.911706785122
0.378122465891, 0.405808517726, 0.951680083812
0.181215299024, 0.405808517726, 0.951680083812
0.305827691746, 0.40582113458, 0.952657398318
0.290168435925, 0.397868040206, 0.33731739305
0.214370884415, 0.397916675697, 0.338644867628
0.00016439383112, 0.398420995736, 0.353145467319
0.187489578796, 0.397905118464, 0.338329813004
0.224560004312, 0.397878954485, 0.337612962002
0.172159078626, 0.397878954485, 0.337612962002
0.00385218131312, 0.397880781049, 0.337662449771
0.000523135314272, 0.0265189819171, 0.0226452310054
0.000654221565741, 0.0254689741801, 0.0217519082466
0.00227323531217, 0.0290487468449, 0.0247888131716
0.00227323531217, 0.0310472461181, 0.0264798739936
0.00496962827664, 0.0203197779901, 0.0173800986768
0.00623262800509, 0.0, 4.2206919185e-16
0.00279426284331, 0.0, 4.2206919185e-16
0.00430777346187, 0.0, 4.2206919185e-16
0.00252547519011, 0.0, 4.2206919185e-16
0.00263731855446, 0.0, 4.2206919185e-16
0.00370329786341, 0.0, 4.2206919185e-16
0.00717272514366, 0.0, 4.2206919185e-16
0.00240628152619, 0.0, 4.2206919185e-16
0.00181693195956, 0.0, 4.2206919185e-16
0.00463174208573, 0.0229199298951, 0.0195901200922
0.0504533554229, 0.00758892356875, 0.00648149390257
0.000805800873555, 0.0229085187509, 0.0195793453574
0.00176439372577, 0.0229396381243, 0.0196087021279
0.00307994504542, 0.0305503365316, 0.0260596585563
0.00669291654631, 0.017654223195, 0.0151081891154
0.00458305446762, 0.0260193666514, 0.0222224757939
0.00124700163832, 0.0213762677168, 0.0182796230168
0.00161209531029, 0.0213762677168, 0.0182796230168
0.00176126487737, 0.0228703043723, 0.0195432923281
0.00279426284331, 0.0112754912817, 0.00962001301111
0.00293497107888, 0.0290405620285, 0.0247811230523
0.000573368329169, 0.0229396381243, 0.0196087021279
0.00181890771539, 0.0239653446687, 0.0204791473012
0.0458279301192, 0.0267490397523, 0.0236584181449
0.0957614069319, 0.0532111210939, 0.0460303129136
0.000584540410981, 0.398241837148, 0.34804071959
0.00030934229672, 0.398367493469, 0.351624261768
0.000681846935748, 0.398410583862, 0.352848725423
0.00303652164526, 0.398239531014, 0.347975919001
0.000773006176329, 0.398448325011, 0.353948360477
0.000619651010001, 0.398499576205, 0.355415693705
0.000619651010001, 0.398499576205, 0.355415693705
0.000966464873611, 0.398397898498, 0.352488218161
0.000374697510758, 0.398486225834, 0.355033919598
0.000374697510758, 0.398486225834, 0.355033919598
0.00144138381779, 0.398461343786, 0.354319592485
0.00102797710031, 0.398461343786, 0.354319592485
0.00102797710031, 0.398461343786, 0.354319592485
0.00166637516422, 0.398420995736, 0.353145467319
0.00166637516422, 0.398420995736, 0.353145467319
0.00166637516422, 0.398420995736, 0.353145467319
0.00166637516422, 0.398420995736, 0.353145467319
0.000902239895524, 0.398413206865, 0.352923543493
0.00147267988744, 0.398413206865, 0.352923543493
0.00144138381779, 0.398403052913, 0.352634958641
0.000497447945748, 0.398405722153, 0.352711240137
0.00030934229672, 0.398397898498, 0.352488218161
0.00209099699471, 0.398453511281, 0.354096181089
0.0503224156192, 0.398165592694, 0.345622936485
0.15587342426, 0.398165592694, 0.345622936485
0.112674432524, 0.398165592694, 0.345622936485
0.0277291377985, 0.398165592694, 0.345622936485
0.0167483277486, 0.398165592694, 0.345622936485
0.0213229122276, 0.398165592694, 0.345622936485
0.00793388716181, 0.397802006229, 0.335527476933
0.0212910165831, 0.397802006229, 0.335527476933
0.021024259826, 0.397914977157, 0.338658945945
0.199265999937, 0.405674625468, 0.941240176999
0.186002761162, 0.405674625468, 0.941240176999
0.31992138349, 0.405674625468, 0.941240176999
0.243537069314, 0.405575553519, 0.933582591735
0.284594420449, 0.405587819816, 0.934529694776
0.62607247372, 0.405340072694, 0.915379963372
0.342346359784, 0.0550961144135, 0.047609803501
0.127137846306, 0.0494121013639, 0.0428442431831
0.00306287570404, 0.027526498857, 0.0234985376546
0.00213028524228, 0.0102293366148, 0.00873004846574
0.0171416211577, 0.00758892356875, 0.00648149390257
0.00274522288901, 0.0270282720466, 0.0230770895135
0.00218566605204, 0.0270282720466, 0.0230770895135
0.830261338505, 0.726352796922, 0.187379048202
0.61332018488, 0.726352796922, 0.187379048202
0.60796622462, 0.726352796922, 0.187379048202
0.783975354783, 0.727712777635, 0.186840255728
0.663675962446, 0.727712777635, 0.186840255728
0.710045890849, 0.727712777635, 0.186840255728
0.888671590619, 0.727712777635, 0.186840255728
0.872884540784, 0.724556769801, 0.188089838748
0.68186983303, 0.724556769801, 0.188089838748
0.136828758438, 0.397795108637, 0.335341827337
0.0389792519203, 0.397880781049, 0.337662449771
0.100343653862, 0.397880781049, 0.337662449771
0.100306262341, 0.397914602629, 0.338587911439
0.401229788823, 0.397914602629, 0.338587911439
0.0916193751704, 0.397875226071, 0.337517733796
0.020385433062, 0.397875226071, 0.337517733796
0.338542721031, 0.397916675697, 0.338644867628
0.401727558127, 0.397916675697, 0.338644867628
0.109078772654, 0.397912737653, 0.338537255262
0.0228589230346, 0.0267490397523, 0.0236584181449
0.127832415066, 0.0494121013639, 0.0428442431831
0.0502755457348, 0.398165592694, 0.345622936485
0.133616578808, 0.398165592694, 0.345622936485
0.105381304186, 0.405846471628, 0.954620915703
0.0498770793016, 0.40581917683, 0.952488033979
0.0380007971537, 0.40582113458, 0.952657398318
0.44604053144, 0.405806579764, 0.951512447113
0.00030934229672, 0.398413327797, 0.352927370907
0.000773006176329, 0.398453511281, 0.354096181089
0.000403959302175, 0.398400444136, 0.35256059079
0.37183111932, 0.737055915621, 0.182988557802
0.60027567173, 0.73150681922, 0.185194441783
0.495055173969, 0.73150681922, 0.185194441783
0.639476638395, 0.734731572395, 0.18391307574
0.492177044609, 0.732420109539, 0.184831895873
0.37183111932, 0.732420109539, 0.184831895873
0.562993159571, 0.73379754596, 0.184284769763
0.423871589873, 0.73379754596, 0.184284769763
0.37936692018, 0.737055915621, 0.182988557802
0.267130795607, 0.737055915621, 0.182988557802
0.249349375065, 0.73150681922, 0.185194441783
0.184742642863, 0.73150681922, 0.185194441783
0.133150455999, 0.734747453673, 0.183906060949
0.102381054421, 0.734747453673, 0.183906060949
0.604506591186, 0.738474938787, 0.182423048103
0.474718136562, 0.735190113288, 0.183730965937
0.349907598584, 0.735190113288, 0.183730965937
0.555344981978, 0.73379754596, 0.184284769763
0.420480428239, 0.73379754596, 0.184284769763
0.803388943008, 0.738474938787, 0.182423048103
0.059283400476, 0.730598482096, 0.185554806065
0.599989522447, 0.731962842701, 0.185013442768
0.609881995059, 0.732421351218, 0.184831348813
0.27697002573, 0.734731572395, 0.18391307574
0.141904082693, 0.737055915621, 0.182988557802
0.0480785478888, 0.737055915621, 0.182988557802
0.734435564502, 0.738474938787, 0.182423048103
0.931054849044, 0.731962842701, 0.185013442768
0.372374775875, 0.737055915621, 0.182988557802
0.234614208531, 0.737055915621, 0.182988557802
0.504406514486, 0.732876759763, 0.184650620442
0.380398397877, 0.732876759763, 0.184650620442
0.204268751196, 0.730598482096, 0.185554806065
0.0239591009523, 0.730598482096, 0.185554806065
0.111894981305, 0.73150681922, 0.185194441783
0.0358593780917, 0.73150681922, 0.185194441783
0.646738817605, 0.735649899309, 0.183548307384
0.569833145197, 0.735649899309, 0.183548307384
0.639476638395, 0.732421351218, 0.184831348813
0.697904166759, 0.735190113288, 0.183730965937
0.592937993593, 0.734771029639, 0.183895643727
0.281568875685, 0.730598482096, 0.185554806065
0.697904166759, 0.735649899309, 0.183548307384
0.6340384108, 0.738474938787, 0.182423048103
0.69826572448, 0.731962842701, 0.185013442768
0.100991675211, 0.405292351154, 0.911706785122
0.202715860516, 0.405364096506, 0.917230488718
0.256057700058, 0.405316179396, 0.913540594629
0.301099715651, 0.405498305038, 0.927586339606
0.410164245806, 0.405498305038, 0.927586339606
0.224955077061, 0.405474015184, 0.925713024418
0.691893680715, 0.405304232945, 0.912620929047
0.386498157585, 0.405292351154, 0.911706785122
0.184888924663, 0.405806579764, 0.951512447113
0.59591931881, 0.406397724916, 0.997892960502
0.69580554169, 0.406397724916, 0.997892960502
0.392738519259, 0.405587819816, 0.934529694776
0.363452993661, 0.406317646977, 0.991647802663
0.106840386233, 0.405292351154, 0.911706785122
0.21189929615, 0.405461919591, 0.924780587742
0.73910043537, 0.40634419466, 0.993716976279
0.19825885554, 0.405328077385, 0.914456122082
0.1166741993, 0.405292351154, 0.911706785122
0.717942515195, 0.406317646977, 0.991647802663
0.183003541219, 0.406317646977, 0.991647802663
0.28001874253, 0.405461919591, 0.924780587742
0.242280157711, 0.405461919591, 0.924780587742
0.330078985809, 0.405461919591, 0.924780587742
0.0871561959422, 0.405304232945, 0.912620929047
0.28761818154, 0.406370886911, 0.995798657641
0.482761184185, 0.40634419466, 0.993716976279
0.285258991011, 0.405498305038, 0.927586339606
0.685877592036, 0.406317646977, 0.991647802663
0.06920940008, 0.405352280751, 0.916321997079
0.0132350852909, 0.405316179396, 0.913540594629
0.081098628839, 0.405316147044, 0.913537831713
0.604478609924, 0.406397724916, 0.997892960502
0.0827903175527, 0.405292351154, 0.911706785122
0.0132350852909, 0.405328077385, 0.914456122082
0.386432377752, 0.406317646977, 0.991647802663
0.541681853278, 0.40634419466, 0.993716976279
0.447883013121, 0.406411198948, 0.998944880921
0.0303049438416, 0.405292351154, 0.911706785122
0.428524315934, 0.406370886911, 0.995798657641
0.453422988545, 0.405304232945, 0.912620929047
0.253561565121, 0.405364096506, 0.917230488718
0.302915574926, 0.405498305038, 0.927586339606
0.630860391495, 0.405304232945, 0.912620929047
0.516319042581, 0.406317646977, 0.991647802663
0.0132350852909, 0.405328077385, 0.914456122082
0.1166741993, 0.406330902821, 0.992680833059
0.253561565121, 0.405328077385, 0.914456122082
0.386432377752, 0.406317646977, 0.991647802663
0.0975000744643, 0.405292351154, 0.911706785122
0.408079315458, 0.406317646977, 0.991647802663
0.363452993661, 0.406317646977, 0.991647802663
0.770614829897, 0.406317646977, 0.991647802663
0.418759195424, 0.405400296876, 0.9200203658
0.0479884649164, 0.405316147044, 0.913537831713
0.16353246296, 0.397864441576, 0.337220055794
0.115858205524, 0.397880781049, 0.337662449771
0.279100647687, 0.397871658461, 0.33741531958
0.184704123169, 0.397868040206, 0.33731739305
0.164920389582, 0.397864441576, 0.337220055794
0.201973609222, 0.397878954485, 0.337612962002
0.270835776151, 0.397871658461, 0.33741531958
0.185379369813, 0.397878954485, 0.337612962002
0.793690473993, 0.397916675697, 0.338644867628
0.23392715191, 0.397907520276, 0.338456045876
0.0815001594173, 0.0282511672601, 0.0249260923315
0.118886476696, 0.0277518158792, 0.0245048056454
0.26602944463, 0.0583374191101, 0.0503205226298
0.205029278752, 0.0560258214413, 0.0483876570109
0.316147355396, 0.0560258214413, 0.0483876570109
0.221204680469, 0.0247270381274, 0.0219502245071
0.162938876625, 0.0536830460676, 0.0464258185337
0.396896698865, 0.0583374191101, 0.0503205226298
0.105134466875, 0.0277518158792, 0.0245048056454
0.117266840027, 0.0262456039153, 0.0232333058029
0.126059803216, 0.0262456039153, 0.0232333058029
0.126250845693, 0.0247270381274, 0.0219502245071
0.180871820037, 0.0522322376652, 0.0452066750268
0.164184302794, 0.0247270381274, 0.0219502245071
0.0732031225907, 0.0282511672601, 0.0249260923315
0.250804881716, 0.0587959775857, 0.0507036064356
0.209607624407, 0.0282511672601, 0.0249260923315
0.11907504113, 0.0536830460676, 0.0464258185337
0.189073979548, 0.0574153044917, 0.0495497201817
0.513672417641, 0.0560207672054, 0.0483829638903
0.0681546853523, 0.0267490397523, 0.0236584181449
0.0846718788372, 0.0282511672601, 0.0249260923315
0.355444649057, 0.0517991897574, 0.0448473704274
0.15496063736, 0.0564919225633, 0.0487777406007
0.28478634102, 0.0536766301392, 0.0464198508264
0.118332357447, 0.0282511672601, 0.0249260923315
0.198939710138, 0.0247270381274, 0.0219502245071
0.262224969469, 0.0578776137662, 0.0499362827381
0.0926306504154, 0.0564906654614, 0.0487765739768
0.105134466875, 0.0282511672601, 0.0249260923315
0.0740320039356, 0.0277518158792, 0.0245048056454
0.16772198195, 0.0247270381274, 0.0219502245071
0.099386014812, 0.0282511672601, 0.0249260923315

